<?xml version="1.0" encoding="UTF-8"?>
<project-private xmlns="http://www.netbeans.org/ns/project-private/1">
    <editor-bookmarks xmlns="http://www.netbeans.org/ns/editor-bookmarks/2" lastBookmarkId="0"/>
    <open-files xmlns="http://www.netbeans.org/ns/projectui-open-files/2">
        <group>
            <file>file:/C:/Users/marqu/OneDrive/Documentos/NetBeansProjects/Mis_clases_Java/Leer_XML/Leer_xml/src/leer_xml/Leer_xml.java</file>
            <file>file:/C:/Users/marqu/OneDrive/Documentos/NetBeansProjects/Mis_clases_Java/Leer_XML/Leer_xml/src/leer_xml/convenio.xml</file>
        </group>
    </open-files>
</project-private>
